surname,awards,education
Khan,10,khan bright spark scholar receiv phd degre comput scienc univers he receiv master degre comput scienc comsat univers comsat he also attend summer camp advanc wireless network technisch universität ilmenau daad
Aaronson,4,aaronson grew unit though spent year asia scienc writer turn post hong he enrol school permit skip ahead sever year upon return found educ get bad grade he enrol the clarkson gift educ program run clarkson enabl aaronson appli colleg freshman year high he accept cornel obtain bsc comput scienc resid tellurid he attend univers got  supervis umesh aaronson shown abil mathemat earli teach calculu age provok symbol he discov comput program age felt lag behind alreadi code in part due aaronson get advanc mathemat get comput felt drawn theoret particularli comput complex at becam interest quantum comput devot comput complex quantum
Abebe,3,abeb born rais addi she educ ethiopian nation curriculum nazareth school win competit scholarship attend intern commun school addi ababa high abeb attend harvard univers earn bachelor art degre mathemat later master scienc degre appli as research paper public while abeb contribut the harvard crimson staff focus cambridg public school system after attend univers cambridg governor william shirley scholar pembrok she complet part iii mathemat tripo earn master advanc studi pure mathemat supervis imr abeb complet doctor degre comput scienc cornel advis jon her dissert made notabl contribut across multipl field comput receiv  acm sigkdd dissert award honor mention acm sigecom dissert she first black woman complet comput scienc
Abelson,1,abelson graduat bachelor art degre mathemat princeton univers  complet senior thesi action homolog supervis william he receiv phd mathemat massachusett institut technolog  complet research topolog distinct conjug varieti finit fundament group supervis denni
Abiteboul,4,the son two hardwar store abiteboul attend higher school preparatori class he admit télécom pari engin school studi technion haifa abiteboul receiv phd univers southern california supervis seymour
Abramsky,4,abramski educ hasmonean grammar school hendon cambridg ma philosophi diploma comput queen univers london comput scienc supervis richard
Ahn,3,lui von ahn born grew guatemala von ahn grew wealthi household parent work he guatemalan hi mother one first women guatemala complet medic von ahn age  despit he attend american school privat school guatemala experi cite great when von ahn eight year mother bought commodor  begin fascin technolog comput when appli colleg unit von ahn spend fli neighbor el salvador take thi experi left neg impress test ripe at age von ahn began studi duke receiv bachelor scienc summa cum he later earn phd comput scienc carnegi mellon univers in von ahn becam faculti member carnegi mellon school comput
Allen,6,allen grew farm new near lake oldest six her father mother elementari her earli elementari educ took place school hous mile away later attend local high she graduat the new york state colleg teacher part univers bachelor scienc degre mathemat  began teach school new after two enrol univers michigan earn master scienc degre mathemat
Amdahl,2,amdahl born immigr parent norwegian swedish descent south after serv navi world war ii complet degre engin physic south dakota state univers he went studi theoret physic univers robert amdahl charl fellow phd student depart approach harold peterson idea digit amdahl davidson gain support peterson fellow electr engin professor vincent encourag build comput uniqu amdahl complet doctor  thesi titl a logic design intermedi speed digit comput creat first wisconsin integr synchron comput he went straight wisconsin posit ibm june
Anderson,2,anderson receiv ba mathemat wesleyan ms phd degre mathemat comput scienc univers while graduat school publish four research paper comput hi phd research involv use enhanc attribut grammar specifi implement commun
Anthony,6,lisa anthoni earn comput scienc offici concentr artifici softwar engin drexel her thesi involv use genet program evolv board evalu function strategi board game as summer graduat work collabor exploratori search project palo alto laboratori in earn human comput interact institut school comput scienc carnegi mellon univers her thesi focus develop system algebra
Aragon,1,aragon receiv mathemat california institut technolog univers berkeley  comput scienc institut for doctor aragon work direct marti
Jones,0,angi jone born new she attend marion abramson senior high school new after graduat high enrol busi major tennesse state take introductori cours spark interest chang major comput she bachelor scienc comput scienc tennesse state in obtain degre comput scienc north carolina state univers
Asprey,0,asprey attend vassar colleg new earn undergradu degre as student asprey met grace ladi taught mathemat after asprey taught sever privat school new york citi chicago go earn ms phd degre univers iowa  her doctor advisor topologist edward wilson asprey return vassar colleg by grace hopper move philadelphia work univac automat asprey becam interest comput visit hopper learn foundat comput asprey believ comput would essenti part liber art at asprey taught mathemat comput scienc  year chair mathemat depart  retir she creat first comput scienc cours first taught secur fund first make vassar second colleg nation acquir ibm comput asprey connect research ibm research center lobbi comput scienc in due comput center start renam asprey advanc comput
Atanasoff,1,atanasoff born octob new york electr engin school ivan bulgarian born  villag close ottoman while ivan atanasov still father kill ottoman soldier bulgarian april in ivan immigr unit state father later becam electr wherea iva lucena purdi mix french irish teacher atanasoff rais young ambit intellectu pursuit part influenc whose interest natur appli scienc cultiv sens critic curios at age learn use slide follow shortli studi subsequ complet high school mulberri high school two in atanasoff receiv bachelor scienc degre electr engin univers he continu educ iowa state colleg  earn degre he complet formal educ  earn phd theoret physic univers the dielectr constant upon complet atanasoff accept assist professorship iowa state colleg mathemat
Atre,0,atr born  india grew villag near she earn master scienc univers studi mathemat dure also studi gain profici speak five differ atr went begin graduat studi mathemat physic univers write thesi becaus need make larg scale calcul develop began studi comput led interest field comput dure hire ibm when student visa expir three half year atr husband immigr unit
Backhouse,0,backhous born rais thorntre district industri town in place acklam hall grammar school go churchil hi doctor complet supervis jim cunningham imperi colleg
Bader,6,bader son chemistri professor morri bader wife he eagl scout boy scout earn rank bader graduat liberti high school pennsylvania he receiv comput engin  electr engin  lehigh univers he receiv electr engin  univers colleg while umd bader award nasa graduat student research fellowship gerald project scientist vike mission goddard space flight
Bartik,1,born betti jean jen gentri missouri sixth seven her william smith jen alanthu schoolteach well her lula may spainhow jen three older william robert raymond two older emma lulu one younger mabl in would ride horseback visit bought young girl newspap read everi day becam role model rest she began educ local gain local attent softbal in order attend high live older sister neighbor school began drive everi day despit she graduat stanberri high school age she given titl salutatorian she attend northwest missouri state teacher colleg known northwest missouri state major mathemat minor english graduat jen award mathemat degre although origin intend studi decid chang mathemat bad relationship later earn degre english univers pennsylvania  award honorari doctor degre northwest missouri state univers
Barto,2,barto receiv distinct mathemat univers michigan initi major naval architectur after read work michael arbib mcculloch pitt becam interest use comput mathemat model five year later award comput scienc thesi cellular
Bell,8,gordon bell born he grew help famili bell repair applianc wire bell receiv bs ms electr engin he went new south wale univers technolog australia fulbright taught class comput program one first comput arriv australia english electr publish first academ return work mit speech comput laboratori professor ken wrote first analysi synthesi
Berners-Lee,5,born  june  eldest four children mari lee wood conway brother mike professor ecolog climat chang hi parent comput scientist work first commerci built ferranti mark he attend sheen mount primari went attend emanuel school  time direct grant grammar becam independ school a keen trainspott learnt electron tinker model he studi the  receiv bachelor art degre while made comput old televis bought repair
Black,1,sue black born  she left school home earliest legal she marri  soon three after husband forc black children sought safeti local she began math access cours night school led enrol undergradu black graduat degre comput london south bank univers obtain phd softwar engin  research rippl effect supervis robin whitti
Blum,3,blum born jewish famili new york mother scienc they move venezuela blum after graduat venezuelan high school age studi architectur carnegi institut technolog carnegi mellon begin with assist alan shift field mathemat she marri manuel student massachusett institut transfer  simmon privat liber art colleg simmon strong mathemat program eventu abl take isador mathemat class graduat simmon mathemat she receiv mathemat massachusett institut technolog her gener algebra a model theoret supervis gerald she switch advis sack unabl follow earlier advisor move princeton univers princeton accept femal graduat
Blum,4,blum born jewish famili blum educ receiv degre degre electr engin   mathemat  supervis marvin
Booch,2,booch earn degre  unit state air forc academi degre electr engin  univers santa
Booth,0,kathleen britten born  juli she obtain bsc mathemat univers london  went get phd appli mathemat she marri colleagu andrew donald booth  two
Borg,3,borg born anita borg naffz she grew borg got first program job although love math grow origin intend go comput scienc taught program work small insur she award phd comput scienc new york univers  research investig synchron effici oper system supervis robert dewar gerald she die brain california  april
Bowen,1,bowen born son humphri educ dragon bryanston prior matricul univers oxford receiv ma degre engin
Brassard,3,brassard receiv comput scienc cornel univers work field cryptographi john hopcroft
Brin,3,brin born august moscow soviet russian jewish mikhail eugenia graduat moscow state univers hi father retir mathemat professor univers mother research goddard space flight the brin famili live apart central also share patern in father return mathemat confer mikhail brin announc time famili they formal appli exit visa septemb father for relat mother leav for next eight without steadi forc take temporari job afraid request would deni mani in may grant offici exit visa allow leav the brin famili live vienna pari mikhail brin secur teach posit univers maryland help anatol dure brin famili receiv support assist hebrew immigr aid they arriv unit state octob brin attend elementari school paint branch montessori school receiv educ professor depart mathemat univers encourag learn mathemat famili help retain he attend eleanor roosevelt high in septemb brin enrol univers receiv bachelor scienc depart comput scienc  honor comput scienc mathemat age in intern wolfram develop brin began graduat studi comput scienc stanford univers graduat fellowship nation scienc receiv comput scienc as leav phd studi
Brown,0,brown receiv primari secondari school educ new studi univers moor school electr engin receiv degre  advisor ruzena bajcsi in brown introduc david invit join univers cambridg comput laboratori doctor in octob matricul st univers england pursu hi dissert introduc concept unifi memori thi idea subsequ wide appli intel processor platform architectur late 
Hansen,1,per brinch hansen born enclav surround hi jørgen brinch work civil becom lead expert soil later accept professorship technic univers hi elsebeth brinch hansen daughter danish compos oluf ring work hairdress brinch hansen attend jørgen gymnasium studi electr engin technic univers denmark sought area pursu still pioneer belief subject probabl alreadi late make fundament after student internship hursley laboratori decid dedic career initi focus comput read book ibm  stretch project describ comput organ point view refocus interest toward becom comput
Brooks,5,born april north attend duke graduat  bachelor scienc degre receiv appli mathemat harvard univers supervis howard brook serv graduat teach assist ken iverson graduat program data first program
Burnett,0,burnett born origin she studi miami univers ohio  brought part newli establish program comput scienc eventu major after becam softwar engin procter first women hire manag posit ivorydal factori research center she left soon follow husband santa new start in becam student univers kansa she earn degre began work independ start small consult busi william professor eventu return ku her abstract visual languag concern visual program languag supervis allen on complet becam comput scienc faculti member michigan technolog in move oregon state comput scienc she cherri pancak first two women hire comput scienc faculti oregon
Campbell-Kelly,0,educ sunderland polytechn award phd  foundat comput program britain
Cardelli,2,he born montecatini he attend univers pisa receiv phd univers edinburgh  research supervis gordon
Caspersen,7,michael born he went nordr skole primari lower secondari school svendborg statsgymnasium upper secondari he earn comput scienc aarhu at aarhu michael expos comput new idea program methodolog develop dijkstra found way relat algebra semant thi educ experi profound impact perspect comput devot comput scienc lead phd
Chou,0,chou studi comput scienc stanford univers special machin learn artifici dure intern rocket fuel went receiv degre comput describ undergradu experi studi comput chou said less confid male colleagu begin took time realiz outperform
Colton,1,born colton graduat univers durham  bsc degre after year spent programm softwar studi univers gain pure mathemat in  finish phd artifici intellig univers supervis alan bundi tobi
Comer,8,comer hold bs mathemat physic houghton colleg earn  phd comput scienc pennsylvania state univers earn he distinguish professor comput scienc professor electr comput engin purdu univers begin late  start continu research earn intern fame field comput scienc comput
Conway,2,conway born decemb he grew state attend whitefish bay high school milwauke counti villag he award john mcmullen region scholarship studi he arriv cornel univers freshman within sibley school mechan embark upon program while undergradu offic chapter alpha delta phi he particip cornel univers orchestra concert in conway  pound row stroke junior varsiti boat spring row middl posit varsiti boat spring he elect sphinx head senior he earli exposur comput via attend noncredit seminar ibm electron calcul given robert walker barkley rosser cornel mathemat he graduat bachelor mechan engin degre he marri edyth davi  august cornel graduat later faculti member new york state colleg home econom cornel they three well share love conway went graduat studi focus industri he becam interest oper research digit encourag continu simul economist harri he receiv degre supervis andrew schultz thesi entitl experiment investig schedul it first industri engin
Cristianini,2,cristianini hold degre physic univers master comput intellig univers london phd univers previous professor artifici intellig univers associ professor univers held visit posit
Crowcroft,2,crowcroft educ westminst school graduat bachelor art degre physic  univers cambridg undergradu student triniti he gain master scienc degre comput  phd univers colleg
Croft,8,croft earn degre honor  degre comput scienc  monash univers he earn comput scienc univers cambridg  join univers amherst faculti later
Dean,6,dean receiv summa cum univers minnesota comput scienc econom he receiv comput scienc univers washington work craig chamber compil optim techniqu program he elect nation academi engin recogn work scienc engin distribut comput
Demaine,3,demain born nova artist sculptor martin demain judi from age identifi child prodigi spent time travel across north america he time span enter univers age demain complet degre  year age dalhousi univers complet phd univers waterloo time  year phd work field comput complet univers waterloo supervis anna lubiw ian thi work award canadian governor gold medal univers waterloo nserc doctor prize best phd thesi research some work thesi later incorpor book geometr fold algorithm mathemat paper fold publish joseph
DeMarco,1,tom demarco born he receiv bsee degre electr engin cornel columbia diplôm univers
DeMillo,1,a minnesota richard demillo born rais minnesota receiv bachelor art mathemat univers thoma paul minnesota  inform comput scienc georgia tech
Denning,2,dorothi elizabeth daughter lowel helen watson grew grand she earn bachelor art degre mathemat  follow master art degre  univers her phd thesi secur inform flow comput system award  purdu
Denning,2,den born januari new rais he took earli interest pursu electron grade at fairfield submit comput scienc fair hi second solv linear equat use pinbal machin grand he attend manhattan colleg bachelor ee mit phd at mit work project mac contribut design pioneer multic oper hi phd alloc multiprocess comput introduc semin idea work system
Dewar,0,dewar born one two son theoret chemist michael dewar mari née williamson historian scholar english tudor in move parent england father accept teach job univers dewar attend univers earn bachelor scienc doctor philosophi chemistri he began work comput graduat
Diffie,6,diffi born son justin louis writer bailey walli taught iberian histori cultur citi colleg new hi interest cryptographi began  brought home entir crypto shelf citi colleg librari new at jamaica high school new diffi appli degre father although graduat local take statewid regent examin would award academ diploma previous secur admiss massachusett institut technolog basi score standard while receiv mathemat institut remain unengag serious consid transfer univers berkeley perceiv hospit academ first two year undergradu at began program comput effort cultiv practic skill continu perceiv devic low i thought pure mathematician interest partial differenti equat topolog thing like
Dongarra,15,dongarra receiv bsc degre mathemat chicago state univers  msc degre comput scienc illinoi institut technolog in receiv phd appli mathemat univers new mexico supervis cleve
Draper,6,draper born he attend univers missouri transfer stanford california earn psycholog he matricul mit earn bachelor scienc degre electrochem engin master scienc doctor scienc degre charl stark rel promin home state includ governor lloyd
Dunn,11,dunn born fort he went high school work purdu biolog laboratori school he first famili go he obtain philosophi oberlin colleg philosophi univers wrote the algebra intension
Easley,0,befor civil right educ career opportun children segreg children educ separ white school often inferior white mother told could would work she encourag anni get good from fifth grade high anni attend holi famili high valedictorian graduat at young age anni interest becom around age  decid studi in easley enrol class xavier univers new cathol major pharmaci two in obtain bachelor scienc mathemat cleveland state
Eckert,4,eckert born philadelphia wealthi real estat develop john rais larg hous germantown dure elementari driven chauffeur william penn charter high school join club philadelphia spent afternoon electron laboratori televis inventor philo farnsworth chestnut he place second countri math portion colleg board eckert initi enrol univers wharton school studi busi encourag  transfer moor school electr in age eckert appli first modul method at moor eckert particip research radar made improv speed precis moor differenti  assist teach summer cours electron manag war train offer moor school unit state depart
Edelman,7,edelman receiv degre mathemat yale univers appli mathemat mit  direct lloyd follow year think machin cerfac edelman went berkeley morrey assist professor levi he join mit faculti appli mathemat
Emeagwali,0,he travel unit state studi scholarship follow complet correspond cours univers he receiv degre mathemat oregon state univers he later move washington receiv  degre georg washington univers ocean marin second appli mathemat univers next magazin suggest emeagwali claim dure work civil engin bureau land reclam
Emerson,2,emerson born hi earli experi comput includ exposur algol  dartmouth time share system burrough larg system he went receiv bachelor scienc degre mathemat univers texa austin  doctor philosophi degre appli mathemat harvard univers
Engelbart,7,engelbart born januari carl loui engelbart gladi charlott amelia munson hi ancestor swedish norwegian he middl three sister doriann year brother david month the famili live earli move surround countrysid along johnson creek hi father die one year he graduat franklin high school midway undergradu year oregon state serv two year unit state navi radio radar technician it remot island leyt small tradit hut read vannevar articl we may would larg influenc think he return oregon state complet degre electr engin while oregon member sigma phi epsilon social he hire nation advisori committe aeronaut ame research work wind tunnel in hour enjoy folk it met ballard fish  june complet train becom occup they marri portola state park may soon engelbart left ame pursu graduat studi univers at studi electr engin specialti earn ms  phd
Engelhardt,1,engelhardt receiv bachelor scienc symbol system master scienc comput scienc stanford she receiv phd  univers berkeley supervis michael
Etzioni,1,etzioni son intellectu amitai he first student major comput scienc harvard earn degre he earn phd carnegi mellon univers supervis tom
Feigenbaum,4,feigenbaum born new jersey  cultur jewish move nearbi north live age left start hi hometown secondari school chose weehawken high school colleg preparatori he induct high hall fame feigenbaum complet undergradu degre carnegi institut technolog carnegi mellon in phd carri supervis herbert develop one first comput model peopl
Finin,2,finin earn undergradu degre electr engin mit  phd comput scienc univers illinoi
Foley,6,foley born he attend lehigh univers graduat degre electr engin foley initi phi beta kappa societi tau beta pi he receiv control engin univers michigan
Forbus,0,forbu earn bachelor scienc comput master scienc comput phd artifici intellig massachusett institut
Fredkin,1,mother father russian immigr met lo youngest child hi mother concert although perform she die cancer hi father businessperson lost everyth  stock market crash famili rel at time live famili older father sister move back as entrepreneuri interest scienc thing he variou weekend thing earn eventu handl larg newspap deliveri at age  bought chemistri suppli made illeg lo he poorli school he graduat john marshal high school semest earli could earn money caltech tuition live caltech later told admit worst high school grade ever he quit caltech partway sophomor he join unit state air forc becom fighter hi comput career start  air forc assign mit lincoln laboratori work sage
Fischer,8,she obtain mathemat chemistri degre appli mathemat univers british columbia  she obtain appli mathemat comput cambridg univers pursu coursework quantum theori paul she work supervis dougla assist program electron delay storag automat calcul she serv mathemat faculti univers british columbia  till introduc numer analysi comput cours curriculum instrument format comput scienc froes fischer spent harvard colleg extend research while first woman scientist award alfr sloan in  becam fellow american physic part contribut discoveri neg in  elect member royal physiograph societi  foreign member lithuanian academi  award honorari doctor technolog malmö
Fu,5,ping fu born  father professor nanj univers aeronaut astronaut fu spent childhood earli adulthood she grew cultur separ parent sever after end cultur attend colleg later becam suzhou univers studi chines fu relat interview memoir chose research polici thesi travel found infanticid femal infant even late fu said turn believ pass newspap editor wrote editori infanticid femal sourc fu state later briefli imprison govern offici told leav after left without fu left china arriv unit state januari she initi enrol univers new mexico albuquerqu later move san diego studi comput scienc undergradu univers san dure time san fu work softwar compani call resourc system group programm databas softwar follow graduat uc san diego degre comput move took job bell the compani offer assist fu enrol comput scienc program univers illinoi at uiuc complet degre comput
Fukushima,0,in fukushima receiv bachelor engin electron kyoto he becam senior research scientist nhk scienc technolog research in join faculti osaka in join faculti univers in join faculti tokyo univers from  visit professor kansai fukushima act found presid japanes neural network societi he also found member board governor intern neural network societi presid neural network assembl he one board governor intern neural network societi
Fulkerson,1,fulkerson born third six children elbert emma fulkerson becam undergradu southern illinoi hi academ career interrupt militari servic world war have return complet degre went mathemat univers supervis cyru student fulkerson receiv
Galil,3,zvi galil born tel aviv mandatori palestin he complet appli summa cum tel aviv univers earn comput scienc cornel  supervis john he spent year work research thoma watson research center yorktown new
Galler,0,galler attend univers chicago earn bsc mathemat univers chicago follow msc ucla phd univers chicago advis paul halmo marshal he join mathemat depart univers michigan taught first program cours use ibm galler help develop comput languag call michigan algorithm decod use sever he form commun scienc dept renam comput scienc becam comput commun dept comput scienc depart retir class develop realtim cours schedul program call comput registr involv student particip allow student regist cours without wait long the univers use crisp applic fifteen from  galler presid associ comput machineri in  induct fellow associ comput he found editor journal ieee annal histori comput he also presid softwar patent institut for fifteen serv expert wit numer import legal case around countri involv comput softwar
Gelernter,1,gelernt grew long new hi father herbert gelernt physicist late  becam pioneer artifici intellig taught comput scienc state univers new york stoni grandfath gelernt grew reform later becam follow orthodox he receiv bachelor art master art degre classic hebrew literatur yale univers he earn state univers new york stoni brook
Geschke,3,charl matthew geschk born septemb he attend saint ignatiu high geschk earn ab classic  ms mathemat xavier he taught mathemat john carrol univers  in complet phd studi comput scienc carnegi mellon univers advic william he  book the design optim
Ghahramani,1,ghahramani educ american school madrid spain univers pennsylvania award doubl major degre cognit scienc comput scienc he obtain depart brain cognit scienc massachusett institut supervis michael jordan tomaso
Ghemawat,1,ghemawat studi cornel univers massachusett institut technolog he obtain phd mit dissert the modifi object a storag manag techniqu hi advisor barbara liskov fran befor join ghemawat work dec system research there began collabor jeff work anoth dec research lab their work dec includ java compil system profil
Gilbert,2,univers  an intellig tutor system adapt
Goguen,0,goguen receiv degre mathemat harvard univers phd mathemat univers berkeley student founder fuzzi set lotfi he taught uc univers chicago univers lo full professor comput he held research fellowship mathemat scienc ibm watson research organis he also visit univers edinburgh scotland three senior visit from  goguen work sri intern menlo from  professor oxford univers comput laboratori depart comput univers england fellow st in  becam professor comput scienc univers san
Gohel,5,gohel receiv comput scienc univers england he receiv degre comput scienc saurashtra univers sardar patel
Gold,0,in got mathemat california institut got physic princeton in jan got supervis abraham
Goldberg,2,goldberg born juli her parent move illinoi spent rest she enjoy problem solv mathemat young age encourag teacher pursu in earn degre mathemat univers interest subject goldberg work intern ibm summer junior year learn program unit record after attend univers receiv degre phd inform she complet the applic adapt respons work research associ stanford she also serv visit research
Goldberg,1,goldberg undergradu studi massachusett institut graduat after earn degre univers return mit fund prestigi hertz finish doctor  thesi effici graph algorithm sequenti parallel comput supervis charl
Goldberg,0,he attend high school univers toronto graduat in receiv univers waterloo pure mathemat comput he obtain univers berkeley decemb hi thesi entitl a pseudonym commun infrastructur hi advisor eric
Goldsmith,1,goldsmith graduat princeton univers degre she complet univers mathemat minor comput her polynomi isomorph supervis deborah after posit lectur univers research instructor dartmouth nsf visit professor boston join comput scienc faculti univers manitoba she move univers kentucki
Goldwasser,11,born new york goldwass obtain bachelor scienc degre  mathemat scienc carnegi she continu studi comput scienc receiv master scienc degre  phd while doctor manuel would propos
Golumbic,1,golumb major mathemat pennsylvania state graduat  he complet columbia univers dissert compar graph new matroid supervis samuel he becam assist professor courant institut mathemat scienc new york univers  move bell from   work ibm research   professor mathemat comput scienc he move univers haifa found caesarea edmond benjamin de rothschild institut interdisciplinari applic comput in golumb found symposium foundat artifici lead artifici intellig confer in  golumb becam found journal annal mathemat artifici publish
Gonnet,2,gonnet receiv doctor comput scienc univers waterloo hi thesi entitl interpol hi advisor alan
Goodfellow,0,goodfellow obtain comput scienc stanford univers supervis andrew ng head googl machin learn université de montréal april supervis yoshua bengio aaron thesi titl deep learn represent applic comput
Graham,0,graham famili move pennsylvania later attend gateway high graham gain interest scienc mathemat father nuclear graham receiv bachelor art philosophi cornel univers he attend harvard earn master scienc doctor philosophi degre comput he also studi paint rhode island school design accademia di bell arti
Graham,5,born graham receiv mathemat harvard she graduat work comput scienc receiv   supervis david in  join faculti univers rise assist professor associ professor full professor  research project graham found editor acm transact program languag graham publish dozen research articl lectur publish extens subject comput compil program she member unit state council advisor scienc among chair panel open sourc softwar high end graham long involv culmin join harvard corpor
Guha,2,guha school loyola high pune graduat bachelor technolog mechan engin indian institut technolog master scienc univers berkeley stanford
Hall,1,wendi hall born west london educ eal grammar school she studi undergradu postgradu degre mathemat univers she complet bachelor scienc degre doctor philosophi degre her doctor thesi titl automorph cover klein she later complet master scienc degre comput citi univers
Hamilton,1,margaret elain heafield born august kenneth heafield ruth esther heafield the famili later move margaret graduat hancock high school she studi mathemat univers michigan  transfer earlham mother earn ba mathemat minor philosophi she cite florenc head math depart help desir pursu abstract mathemat becom mathemat she say poet father headmast grandfath inspir includ minor philosophi
Harris,0,harri born he brought took degre classic arab middl east histori school orient african he also studi american univers postgradu work lebanes histori bernard lead western author ottoman lewi arrang research archiv quai
Hendler,2,hendler complet doctor philosophi degre brown univers  thesi autom plan he also ms cognit psycholog southern methodist msc brown bs yale
Hennessy,9,hennessi rais new one six hi father aerospac mother teacher rais he earn degre electr engin villanova degre doctor philosophi comput scienc stoni brook
Hewitt,0,hewitt obtain phd mathemat mit supervis seymour marvin mike he began employ mit retir faculti mit depart electr engin comput scienc school he becam emeritu depart among doctor student hewitt supervis time mit gul henri william iren akinori from septemb  august hewitt ibm chair visit professor depart comput scienc keio univers he also visit professor stanford
Hightower,0,hightow grew long move georgia mother begin high after high school enrol clayton state found technolog cours lack he began cours earn comptia inform technolog
Hinton,9,hinton educ after repeatedli chang degre differ subject like natur histori eventu graduat  bachelor art experiment he continu studi univers edinburgh award phd artifici intellig  research supervis christoph
Ho,5,ho complet undergradu educ chines univers hong kong she receiv comput scienc state univers new york buffalo
Hoare,7,toni hoar born ceylon sri british father coloni civil servant mother daughter tea hoar educ england dragon school oxford school he studi classic philosophi merton on graduat   month nation servic royal learn he return univers oxford  studi postgradu certif began comput taught autocod ferranti mercuri lesli he went moscow state univers british council exchang studi machin translat andrey
Holberton,4,holberton born franc elizabeth snyder pennsylvania her father john amo snyder mother franc morrow third child famili eight holberton studi curriculum let travel far journal also one field open women career on first day class univers math professor ask better home rais
Hopcroft,8,he receiv degre seattl univers he receiv degre stanford univers  he work three year princeton univers sinc cornel hopcroft grandson jacob founder box
Hopper,9,grace brewster murray born new york she eldest three her walter fletcher murray mari campbel van scottish dutch attend west end collegi her alexand wilson admir us fought battl mobil bay civil grace curiou lifelong at age decid determin alarm clock work dismantl seven alarm clock mother realiz limit one for preparatori school attend hartridg school new grace initi reject earli admiss vassar colleg age  test score latin admit follow she graduat phi beta kappa vassar  degre mathemat physic earn degre yale univers in grace murray marri new york univers professor vincent foster hopper divorc although marri retain in hopper earn mathemat yale direct øystein her type irreduc publish she began teach mathemat vassar promot associ professor
Huffman,1,huffman earn degre electr engin ohio state univers serv two year offic unit state he return ohio state earn degre electr engin in earn doctor scienc electr engin massachusett institut technolog thesi the synthesi sequenti switch advis samuel
Hui,1,hui born hong kong in immigr canada entir in hui enter univers in second year took cours probabl statist student expect learn program languag apl littl formal he use time could muster heavili burden benefit manual book apl languag publish march becaus manual written adin falkoff kenneth hui thought reason say learn apl falkoff as summer student  hui work sharp associ workspac statist probabl the major attract job unrestrict comput time access after receiv bsc degre first class honor comput scienc hui work two year programm analyst new edmonton offic main duti support client use apl he attend apl confer new iverson gave two role oper deriv on hui stop ipsa toronto obtain copi research report he studi paper successor ever in septemb hui enter depart comput scienc univers receiv msc may  thesi complex decomposit matrix after complet hui work   apl system analyst programm alberta energi compani in februari  hui purchas a sourc book apl memor paper design evolut tool work describ apl confer a financi model written jointli fred the basic object system falkoff the design apl hui left alberta energi shortli promot access septemb  april thi gave plenti time intens studi ration apl a dictionari apl hui wife stella two he die octob 
Hutchins,0,hutchin receiv univers san dure undergradu hutchin major physic minor in receiv comput also univers san
Ingalls,5,ingal receiv bachelor art physic harvard master scienc electr engin stanford while work toward doctor philosophi start compani sell softwar measur invent never return
Irwin,3,mari jane irwin receiv mathemat memphi state univers comput scienc univers illinoi  her dissert research topic comput arithmet supervis jame
Iverson,4,iverson began school  april  initi grade promot grade   month grade  end june he left school grade  depth great depress work famili thought school led becom schoolteach desir becom at age still enrol correspond cours radio de forest train learn calculu dure world war serv royal canadian air took correspond cours toward high school after iverson enrol univers take advantag govern support threat air forc buddi said would brain grasp he graduat  top student degre mathemat continu educ harvard began depart mathemat receiv degre he switch depart engin appli work howard aiken wassili kenneth iverson recal graduat studi aiken student tool scholarship everi topic focu develop skill clariti thought express end onc admit graduat student underw rite he given desk share among group graduat perman visit engag aspect design build a student thu feel part scholarli first easi intim access other experienc chosen when interview i ask whether tropp i might see lectur aiken repli alway destroy lectur note end would tempt repeat howard aiken develop harvard mark one first digit wassili leontief economist develop model econom work would later receiv nobel model requir larg matric iverson work program could evalu matric harvard mark iv iverson receiv appli mathemat  dissert base at iverson met eoin putnam fellow fellow graduat student thi futur
Jain,0,he graduat degre visvesvaraya nation institut india electron engin indian institut
Johnson,0,passion comput start age grandfath took along work bureau the comput saw size small made strong impress decid work never look back there comput scienc class studi eventu earn
Jordan,6,jordan receiv bs magna cum laud psycholog  louisiana state ms mathemat  arizona state univers phd cognit scienc  univers san at univers san jordan student david rumelhart member parallel distribut process group
Joseph,1,joseph studi bsc physic wilson colleg msc subject univers mumbai he later studi postgradu diploma electron welsh colleg advanc technolog undertook phd comput churchil cambridg supervis david wheeler from  joseph work program fellow senior research scientist tata institut fundament research becam professor comput scienc univers warwick england  year he return india he work industri execut director tata research develop design centr execut tata consult servic
Jurafsky,2,jurafski receiv linguist comput scienc univers postdoc intern comput scienc berkeley
Karger,1,karger receiv bachelor art degre harvard univers phd comput scienc stanford
Kayal,2,kayal born rais kayal graduat comput scienc depart indian institut kanpur india in neeraj along manindra agraw nitin saxena propos ak primal attract worldwid includ articl the new york kayal receiv phd theoret comput scienc depart comput scienc engin indian institut he postdoctor research institut advanc studi princeton rutger sinc work microsoft research lab india
Kellis,3,kelli born move famili franc came he obtain phd work eric found director broad bonni professor mit receiv sprowl award best doctor thesi comput first pari kanellaki graduat prior comput work artifici sketch imag comput mit xerox palo alto research
Kernighan,0,kernighan born he attend univers toronto  earn degre engin he receiv electr engin princeton univers complet doctor dissert titl graph partit problem relat program supervis peter
Kirstein,3,kirstein born  june  son eleanor walter hi parent father award iron cross hi famili jewish mother british citizenship born fear safeti nazi famili immigr uk he educ highgat school north receiv bachelor art degre univers cambridg msc phd electr engin stanford univers  doctor scienc engin univers london
Kleinrock,5,leonard kleinrock born new york citi june jewish graduat note bronx high school scienc he receiv bachelor electr engin degre  citi colleg new degre doctor electr engin comput scienc massachusett institut technolog   he join faculti univers california lo angel remain present serv chairman comput scienc depart
Knuth,13,knuth receiv scholarship physic case institut technolog part case western reserv enrol he also join beta nu chapter theta chi while studi physic knuth introduc ibm earli commerci after read knuth decid rewrit assembl compil code machin use believ could in knuth creat program help basketbal team win he assign player order gaug probabl score novel approach newsweek cb even new later report knuth one found editor case engin scienc nation award best technic magazin he switch physic receiv two degre case bachelor simultan master scienc special award consid work except in mathematician marshal hall earn phd mathemat california institut technolog thesi entitl finit semifield project
Koller,5,koller receiv degre hebrew univers jerusalem age degre institut age she complet phd stanford  supervis joseph
Kölling,3,kölling born he earn degre informat univers in award comput scienc univers research design program environ languag supervis john
Kolodner,1,kolodn graduat bachelor art degre math comput scienc brandei univers she complet master scienc degre comput scienc  phd comput scienc  yale
Korn,0,david korn receiv undergradu degre mathemat renssela polytechn institut  appli mathemat courant institut mathemat scienc after work comput simul transson airfoil develop korn switch field comput scienc becam member technic staff bell laboratori he develop korn shell respons problem colleagu commonli use shell bourn shell c the korn shell pioneer practic consult user interfac input unix shell mathemat cognit the user includ choic edit style choic includ style base vi two variant incorpor copi subsequ unix the korn shell bourn take lot idea c histori view command line
Kowalski,1,he educ univers univers bridgeport stanford univers univers warsaw univers edinburgh comput
Kruskal,0,he student univers chicago earn bachelor scienc mathemat year master scienc mathemat follow year after time univers chicago kruskal attend princeton complet nomin albert tucker roger de facto paul erdő two short kruskal work multidimension he fellow american statist former presid psychometr former presid classif societi north he also initi first presid fair hous council south orang maplewood activ support civil right sever organ he work bell lab 
Kurtz,2,in first experi comput came summer session institut numer analysi univers lo hi interest includ numer comput scienc ever he graduat  obtain degre major mathemat age went acquir phd princeton hi thesi problem multipl comparison mathemat kurtz compos first comput program  work comput ucla institut numer he perform feat finish grad school one year tuition princeton
Lamport,6,lamport born jewish famili new son benjamin hannah lamport hi father immigr volkovisk russian empir mother immigr southeastern a graduat bronx high school lamport receiv mathemat massachusett institut technolog follow degre mathemat brandei hi the analyt cauchi problem singular singular analyt partial differenti
Lampson,6,after graduat lawrencevil school  award aldo leopold also known lawrencevil highest award lampson receiv physic cum laud highest honor harvard univers  phd electr engin comput scienc univers berkeley
Lattner,2,lattner studi comput scienc univers graduat bachelor scienc degre while work oper system enhanc sequent comput he move univers illinoi award master scienc degre follow phd  research optim supervis vikram
Lederberg,3,lederberg born new jewish son esther goldenbaum schulman lederberg rabbi zvi hirsch move washington manhattan he two younger lederberg graduat stuyves high school new york citi age  after allow lab space part american institut scienc forerunn westinghous scienc talent he enrol columbia univers major under mentorship franci conduct biochem genet studi bread mold neurospora intend receiv md fulfil militari servic lederberg work hospit corpsman  clinic patholog laboratori alban naval examin blood stool sampl he went receiv undergradu degre
Lenat,1,lenat born unit septemb when famili move nathan own bottl hi father die  famili return attend cheltenham high hi job clean rat cage goos pen beaver colleg motiv learn program better he attend univers support includ design develop natur languag interfac unit state navi onlin oper he graduat degre mathemat degre appli for senior advis part denni bounc acoust wave  mhz rang record interfer pattern squar squar film shine laser thu project imag first known acoust to settl argument lenat comput printout interfer pattern globe rotat expand reduc larg paper printout moder larg squar film surfac convent laser beam abl project chang two independ way chang film move lenat student comput scienc stanford publish research includ automat program synthesi pair natur languag clarif
LeCun,3,he receiv diplôm esie pari  phd comput scienc université pierr et mari curi sorbonn  propos earli form learn algorithm neural
Lerdorf,1,lerdorf born disko island greenland move denmark earli famili move canada denmark later move king ontario he graduat king citi secondari school  graduat univers waterloo bachelor appli scienc system design he contribut apach http server ad limit claus msql a variant limit claus alreadi around decad mainfram relat databas manag system oracl rdb run formerli digit equip appar yet pick emerg it later adapt sever he releas first version php
Levchin,0,born ukrainian ssr levchin move unit state settl chicago in interview emili chang levchin discuss overcom advers he respiratori problem doctor doubt chanc with guidanc grandmoth parent took clarinet expand lung he attend mather high univers illinoi earn degre comput scienc
Liedtke,0,in liedtk studi diploma degre mathemat bielefeld hi thesi project build compil program languag launch teach program german the compil written
Liskov,3,liskov born novemb lo jewish eldest jane mose four she earn degre mathemat minor physic univers berkeley at one femal classmat she appli graduat mathemat program berkeley at time princeton accept femal student she accept berkeley instead move boston began work mitr becam interest comput she work mitr one year take program job harvard work languag she decid go back school appli also stanford in march  becam one first women unit state award comput scienc depart award degre stanford at work john mccarthi support work artifici the topic thesi comput program play chess endgam develop import killer
Liu,1,liu studi comput scienc peke univers earn bachelor scienc she move tsinghua univers graduat earn master scienc engin liu graduat student cornel earn doctor philosophi
Lovegrove,0,gillian lesley gillian born yorkshir  octob  grew hull she went malet lambert school newnham cambridg studi after first degre diploma cambridg univers numer analysi automat
Lovelace,0,from mathemat abil began interest mathemat domin major adult her obsess root insan accus byron one reason ada taught mathemat earli she privat educ mathemat scienc william william mari note research scientif in mathematician augustu de morgan extend help mathemat includ studi advanc calculu topic includ form celebr algorithm analyt in letter ladi de morgan suggest skill mathemat might lead becom origin mathemat perhap lovelac often question basic assumpt integr poetri whilst studi differenti wrote de i may remark curiou transform mani formula unsuspect beginn appar imposs ident form exceedingli dissimilar first i think one chief difficulti earli part mathemat i often remind certain sprite fairi one read elbow one shape next minut form lovelac believ intuit imagin critic effect appli mathemat scientif she valu metaphys much view tool explor unseen world around
Lynch,7,lynch born academ train she attend brooklyn colleg receiv  supervis albert
Matiyasevich,3,yuri matiyasevich born leningrad march the first class studi school  sofia thank becam interest in  began particip from   studi leningrad physic mathemat school also th th grade involv mathemat circl leningrad palac in complet th grade msu physic mathemat board school  name in gold medal intern mathemat olympiad enrol mathemat mechan depart petersburg state univers without he took high school diploma exam be second year releas two paper mathemat logic publish proceed ussr academi he present work intern congress mathematician after enrol graduat school petersburg depart steklov mathemat institut russian academi scienc in guidanc sergei maslov defend thesi degre candid scienc physic in age defend doctor dissert unsolv th from  matiyasevich work scientif posit first senior  head laboratori mathemat in matiyasevich becam professor initi chair softwar later chair algebra number in elect correspond member russian academi sinc yuri matiyasevich petersburg mathemat sinc head citi mathemat sinc matiyasevich annual student school in elect full member russian academi he member american mathemat societi associ symbol also editori board journal discret mathemat applic comput instrument as mentor eldar maxim alexei dmitri karpov a polynomi relat color triangul sphere name see the matiyasevich four colour theorem weight
Maulik,11,he school nabadwip bakultala high nadia ramakrishna mission vivekananda centenari  pargana west complet physic comput scienc univers west india  he also receiv comput scienc engin   jadavpur west he research univers new south australia  univers
McCarthy,6,john mccarthi born septemb irish immigr father lithuanian jewish immigr john patrick ida the famili oblig reloc frequent great father found work organ amalgam cloth worker lo hi father came small fish villag counti hi mother die both parent activ member communist parti encourag learn critic befor attend high got interest scienc read translat russian popular scienc book call john fluent russian languag made friend russian scientist multipl trip soviet union distanc make visit soviet bloc led becom conserv mccarthi graduat belmont high school two year mccarthi accept caltech mccarthi show earli aptitud teen taught colleg mathemat studi textbook use nearbi california institut technolog as abl skip first two year mathemat mccarthi suspend caltech failur attend physic educ he serv us armi receiv bs mathemat it caltech attend lectur john von neumann inspir futur mccarthi initi complet graduat studi caltech move princeton he receiv phd mathemat princeton  complet doctor titl oper partial differenti supervis donald
Mehlhorn,4,mehlhorn graduat  technic univers studi comput scienc earn  cornel univers supervis robert sinc  faculti saarland univers chair comput scienc depart    sinc  director max planck institut comput also he editori board ten truste intern comput scienc institut member board governor jacob univers he also serv engin comput scienc juri infosi prize 
Meyer,4,meyer receiv degre engin école polytechniqu second degre stanford phd université de he technic manageri career nine year électricité de three year member faculti univers santa from  professor softwar engin eth swiss feder institut pursu research build trust compon softwar guarante level he chair eth comput scienc depart    year taught introduct program cours taken eth comput scienc result wide dissemin program touch class he remain professor emeritu softwar engin eth zurich current professor softwar engin provost constructor institut schaffhausen institut technolog new research univers he held visit posit univers toulous politecnico di innopoli monash univers univers technolog he also activ consult system architectur technolog trainer object technolog softwar confer for mani year meyer activ issu research educ polici found presid informat associ european comput scienc
Milner,5,milner born near england militari he gain scholarship eton colleg award tomlin prize highest prize mathemat serv royal attain rank second he enrol graduat milner first work schoolteach programm enter academia citi swansea stanford  univers laboratori foundat comput scienc he return cambridg head comput laboratori  eventu step although still from milner scottish informat comput scienc allianc advanc research fellow held chair comput scienc univers milner die heart attack  march  hi die shortli
Minker,2,minker born juli  new he receiv bachelor art degre brooklyn colleg master art degre univers wisconsin phd univers pennsylvania  research supervis bernard
Mitchell,2,mitchel born pennsylvania grew upstat new town he receiv bachelor scienc degre electr engin massachusett institut technolog  stanford univers direct bruce buchanan
Mockapetris,4,mockapetri graduat boston latin school receiv degre physic electr engin massachusett institut technolog  doctor inform comput scienc univers california irvin
Moon,0,best subject school scienc after graduat high school enrol pennsylvania state univers receiv degre mechan engin after graduat decid pursu educ get master new york univers continu studi
Moore,9,gordon moor born  second son walter harold moor counti sheriff station san mateo florenc almira williamson when moor start school faculti note introvert hi father accept promot deputi sheriff  move famili redwood in moor receiv chemistri set christma inspir becom from  moor studi sequoia high involv athlet from  moor attend san josé state colleg san josé state studi he transfer univers berkeley take cours glenn melvin william he graduat  bachelor scienc degre in septemb moor enrol california institut technolog would ultim receiv chemistri moor conduct postdoctor research appli physic laboratori john hopkin univers 
Motwani,1,rajeev motwani born jammu india  march grew new hi father indian he two as inspir luminari like want becom motwani went st new he complet comput scienc indian institut technolog kanpur uttar pradesh  got comput scienc univers berkeley unit state supervis richard
Muggleton,4,muggleton receiv bachelor scienc degre comput scienc doctor philosophi artifici intellig supervis donald michi univers
Mycroft,0,mycroft read mathemat cambridg move edinburgh complet doctor philosophi degre thesi abstract interpret optimis transform applic program supervis rod burstal robin
Myers,4,myer receiv bs degre comput scienc ms degre comput scienc engin mit whilst simultan intern xerox parc he receiv phd comput scienc univers toronto
Needham,1,needham born child phylli née baker leonard william needham univers chemistri he attend doncast grammar school boy doncast west go st cambridg graduat ba  mathemat hi phd thesi applic digit comput automat classif retriev he work varieti key comput project oper comput architectur local area
Newman,3,newman born maxwel herman alexand neumann jewish  februari hi father herman alexand origin german citi bromberg emigr famili london age herman work secretari marri sarah ann irish the famili move dulwich newman attend goodrich road citi london school at excel classic he play chess piano newman scholarship studi mathemat st cambridg  gain first part i cambridg mathemat
Nilsson,1,nilsson born he receiv stanford spent much career sri privat research lab spun nilsson serv lieuten air forc  station rome air develop center new
Nivat,7,nivat born hi parent father taught languag mother taught hi becam notabl in nivat move famili nivat admit école normal supérieur began work blais pascal institut french nation centr scientif newli establish comput he return studi mathemat  supervis hi  thesi entitl transduct de langag de chomski chomski
Noe,0,noe born he receiv degre electr engin univers station europ world war conduct research develop relat return california complet electr engin stanford
Norvig,2,norvig receiv bachelor scienc appli mathemat brown univers comput scienc univers
Novacky,1,novacki first receiv mathemat degre wheel jesuit colleg in receiv ma mathemat follow phd mathemat both ma phd univers dissert chromat extrem he associ professor mathemat commun colleg allegheni counti  he faculti member univers depart comput scienc sinc in novacki receiv the distinguish teach
O'Hearn,9,attain bsc degre comput scienc dalhousi nova scotia follow msc phd degre hi dissert semant a natur supervis robert
Omohundro,0,omohundro degre physic mathemat stanford univers beta physic univers
Page,9,page attend okemo montessori school call montessori age   he attend east lans high graduat in summer attend interlochen center art play flute mainli saxophon two page receiv bachelor scienc major comput engin honor univers michigan  master scienc comput scienc stanford univers while univers page creat inkjet printer made lego brick line thought possibl print larg poster cheapli use inkjet ink cartridg built electron mechan drive page serv presid beta epsilon chapter eta kappa nu honor member  univers michigan solar car as undergradu univers propos school replac bu system person essenti driverless monorail separ car everi he also develop busi plan compani would use softwar build music synthes
Pal,1,sk pal studi univers calcutta bsc physic btech mtech radio physic he receiv phd radio physic electron rajabazar scienc colleg campu univers calcutta  student indian statist anoth phd electr engin along diploma imperi colleg imperi univers he work univers berkeley univers colleg park   fulbright nasa johnson space center    us senior research distinguish visitor ieee comput societi region us naval research  visit held sever visit posit hong kong univers ieee distinguish he join indian statist institut csir senior research fellow eventu enter full faculti he becam distinguish scientist director presid he first comput scientist well someon outsid statist mathemat becom director isi he also first isi elect hold honor chair presid isi sinc incept hi area research interest includ fuzzi set uncertainti artifici neural network machin pattern imag data granular genet rough soft comput applic video onlin social network cognit mind he pioneer hybrid intellig system like neuro fuzzi rough fuzzi pal wide recogn across world pioneer extraordinari contribut machin fuzzi soft comput pattern thi made india leader disciplin intern he twenti one book five hundr fifti research he editor scientif journal comput scienc engin intern he visit forti countri invit speaker academ he research  foreign  indian sk pal scientist introduc soft comput concept research he graduat offici  phd india they well place academia mani intern known lead scientist recognit like fellow bose nation padma bhatnagar mahalanobi nation award ministri statist program implement multin it accord googl may  work cite besid academ research institut societ benefit two scholarship  support two econom backward student class ix x everi year ariadaha kalachand high kolkata thi facilit complet secondari school a gold medal award indian statist institut  best dissert encourag promot research nasa johnson space want offer  request stay perman usa work nation research council nation academi guest investig research but turn offer return back india serv countri
Papadimitriou,5,papadimitri studi nation technic univers  receiv bachelor art degre electr he pursu graduat studi princeton receiv electr engin comput scienc  complet doctor dissert titl complex combinatori optim
Patil,0,patil attend kennedi middl monta vista high school de anza while particip student exchang visit sister citi in high often got troubl graduat  near bottom he follow girlfriend de anza commun attend one he earn mathemat earl warren colleg univers san he receiv phd appli mathemat univers maryland colleg natur while faculti member univers maryland colleg use open dataset publish noaa improv numer weather
Patterson,6,david patterson grew evergreen he graduat south high school he attend univers lo angel receiv bachelor art degre mathemat he continu obtain master scienc degre  phd comput scienc phd advis david martin gerald
Paulson,1,paulson graduat california institut technolog obtain phd comput scienc stanford univers  research program languag supervis john
Pavón,0,pavón belong first spanish gener get offici studi comput he studi comput scienc technic univers graduat in obtain phd area commun protocol servic while work assist professor after join work  at end  got associ professor posit achiev habilit à dirig de recherch qualif comput scienc université pierr et mari curi thesi développ dirigé par modèl de systèm
Perlman,11,as undergradu mit perlman learn program physic she given first paid job  programm logo lab mit artifici intellig program system softwar work supervis seymour develop version educ robot languag call torti own recurs turtl interpret dure research perform young youngest age ½ program logo educ robot call perlman describ pioneer teach young children comput inspir make new program languag would teach much younger children similar use special input thi project abandon woman i want taken serious littl embarrass project involv cute littl mit media project later track told start new field call tangibl user interfac leftov abandon as math grad mit need find advis join mit group bbn there first got involv design network perlman obtain mathemat comput scienc mit she earn phd comput scienc mit doctor thesi rout environ malici network failur present serv basi much work exist when studi mit late  one among  women class to begin mit one limit number women student could when dorm mit becam co perlman move dorm mix becam she later said use gender becam onli saw women student among crowd men notic kind look
Péter,0,péter born rózsa politz politz she attend pázmáni péter univers eötvö loránd origin studi chemistri later switch she attend lectur lipót fejér józsef while met lászló would collabor futur year kalmár encourag pursu love after graduat péter could find perman teach posit although pass exam qualifi mathemat due effect great mani univers graduat could find work péter began privat at also began graduat
Jones,1,peyton jone graduat univers cambridg bachelor scienc degre electr scienc dure time undergradu student triniti subsequ went complet cambridg diploma comput scienc he never
Pham,0,parent vietnames boat spent sever year refuge camp immigr unit her unit state marin corp major david present purpl heart medal combat oper pham attend windsor forest high school georgia member volleybal team graduat salutatorian graduat pham earn bachelor scienc comput scienc georgia institut she also hold master scienc comput scienc georgia institut technolog special cryptographi human comput while pham chair georgia women director technolog phi mu research informat found southeast chapter unit
Pieraccini,1,he obtain degre electr engin univers pisa  thesi equal data
Plotkin,3,plotkin educ univers glasgow univers gain bachelor scienc degre  phd  supervis rod
Popplewell,0,popplewel born  octob  her parent bessi alfr charter she attend sherbrook privat girl school greav hall she studi mathemat tripo univers cambridg work statist form punch she consid expert brunsviga desk she graduat bachelor art degre convert master art degre  girton
Rabana,0,rapelang born she start school gaboron move johannesburg attend roedean rapelang graduat honour univers cape town  degre busi scienc specialti comput rapelang return univers cape town give commenc speech
Rozenberg,1,rozenberg receiv master engin degre comput scienc warsaw univers technolog he obtain mathemat polish academi scienc also warsaw sinc held posit polish academi poland utrecht the netherland state univers new york usa univers antwerp belgium sinc  professor comput scienc leiden the netherland adjoint professor depart comput scienc univers colorado
Rabin,10,rabin born  germani son in emigr famili mandat as young interest mathemat father sent best high school studi mathematician elisha high school rabin graduat hebrew reali school haifa draft armi  the mathematician abraham professor mathemat interven armi rabin discharg studi univers receiv hebrew univers he began graduat studi univers pennsylvania receiv princeton univers
Raman,1,he grew raman becam blind age  due previous partial sight abl see left to deal blind aid read textbook problem although unabl abl solv cube braill write comput perform raman attend univers pune bs iit bombay ms cornel univers earn ms comput scienc phd appli mathemat advisor david hi phd thesi titl system for technic read award acm doctor dissert award
Reddy,6,raj reddi born telugu famili katur villag chittoor district andhra hi sreenivasulu he first member famili attend he receiv degre civil engin colleg affili univers madra anna meng degre univers new south he receiv phd degre comput scienc stanford univers
Reynolds,1,john reynold studi purdu univers earn doctor philosophi theoret physic harvard univers he professor inform scienc syracus univers  from professor comput scienc carnegi mellon he also held visit posit aarhu univers the univers imperi colleg microsoft research queen mari univers
Richards,1,richard studi mathemat undergradu student univers cambridg took cambridg diploma comput hi phd program languag design he senior lectur univers cambridg comput laboratori retir
Rivest,5,rivest earn degre mathemat yale univers degre comput scienc stanford univers  research supervis robert
Robinson,1,ken robinson born he receiv be degre electr engin  bsc degre physic mathemat univers
Rossum,1,van rossum born rais receiv degre mathemat comput scienc univers amsterdam he receiv bronz medal  intern mathemat he just van type design programm design typefac use van rossum live kim accord home page dutch name name capit refer surnam use first last name
Rulifson,1,john frederick rulifson born august hi father erwin charl rulifson mother virginia helen rulifson marri janet irv june two he receiv mathemat univers washington rulifson earn comput scienc stanford univers
Sadrzadeh,0,sadrzadeh she receiv undergradu master degre sharif univers after earn degre sadrzadeh move she doctor research first univers award ontario graduat univers ottawa excel canada femal doctor student université du québec à her research consid epistem alongsid earn sadrzadeh move univers oxford epsrc postdoctor
Saif,6,saif attend aitchison colleg enrol lahor univers manag scienc obtain bachelor scienc degre comput scienc he receiv doctor philosophi degre comput scienc univers cambridg age  in  postdoc also comput from   taught mit work mit comput scienc artifici intellig laboratori research becom part team develop project
Satyanarayanan,5,he degre indian institut madra  comput scienc cmu
Schoenebeck,6,schoenebeck she undergradu student engin dartmouth as undergradu student play earn first team honour three she move univers berkeley graduat complet inform she select  uc berkeley school inform class schoenebeck doctor research georgia studi way parent could support young use social
Schölkopf,10,schölkopf studi philosophi tübingen he support studienstiftung lionel cooper memori prize best mathemat univers he complet diplom move bell lab new work vladimir becam phd thesi tu berlin stefan hi defend annual award german informat in follow posit cambridg new found depart empir infer max planck institut biolog grew lead center research machin in becam found director max planck institut intellig with alex schölkopf seri machin learn summer he also phd programm max center learn in cyber valley research he particip ieee global initi align schölkopf journal machin learn journal help part mass resign editori board machin learn he among cite comput alumni lab includ ulrik von carl matthia arthur gunnar matthia stefani jason olivi olivi joaquin sebastian
Scott,2,scott receiv phd univers he join faculti rochest year assist professor comput scott chair comput scienc depart  succeed mitsunori he serv interim chair juli decemb  juli decemb in scott receiv univers robert pamela goergen award distinguish achiev artistri undergradu scott publish text program languag pragmat a second edit publish third fourth translat made greek simplifi
Sedgewick,4,sedgewick earn bachelor scienc master scienc degre appli mathemat brown student andri van he went graduat work stanford univers advise donald receiv phd hi thesi entitl quicksort name outstand dissert comput
Shadbolt,1,shadbolt born london adopt rais derbyshir villag live went he went ladi manner grammar he obtain undergradu degre philosophi psycholog newcastl hi phd degre receiv depart artifici intellig univers hi thesi result framework understand human dialogu organis supervis barri richard henri
Shaw,0,shaw rais lo hi father theoret physicist specialis plasma fluid mother artist they divorc hi irv professor financ univers lo author paper support effici market shaw earn degre summa cum laud univers san phd stanford univers becam assist professor depart comput scienc columbia while shaw conduct research massiv parallel comput thi supercomput compos process element tree structur meant use fast relat databas earlier found stanford system
Shekhar,3,shekhar receiv comput scienc iit kanpur he earn comput scienc busi administr comput scienc univers attend netarhat residenti
Shneiderman,8,born new attend bronx high school receiv bs mathemat physic citi colleg new york he went studi state univers new york stoni receiv ms comput scienc  graduat phd
Siewiorek,4,daniel siewiorek receiv bachelor art electr engin univers ann arbor he attend stanford graduat master art electr engin minor comput scienc doctor philosophi also electr
Simon,10,herbert alexand simon born wisconsin june arthur simon jewish electr engin came unit state germani  earn engin degre technisch hochschul an arthur also independ patent edna marguerit merkel accomplish pianist whose cathol ancestor came pragu european ancestor piano simon attend milwauke public develop interest scienc establish while attend middl simon wrote letter editor milwauke journal defend civil liberti unlik famili introduc idea human behavior could studi younger harold merkel studi econom univers john becam one earliest through book econom simon discov social among earliest simon cite norman angel book the great illus henri georg book progress while attend high simon join debat argu rather favor singl in simon enter univers follow earli decid studi social scienc simon interest studi biolog chose pursu field awkward at earli simon learn color blind discov extern world perceiv while simon focus polit scienc import mentor henri econometrician mathemat simon receiv polit scienc univers studi harold nicola rudolf henri charl edward after enrol cours municip simon becam research assist clarenc two measur municip a survey suggest criteria apprais administr studi led field organiz becam subject doctor
Singh,5,singh receiv comput scienc engin indian institut technolog delhi he obtain comput scienc univers texa austin  supervis allen emerson nichola
Sloman,2,sloman born town que que call kwe southern rhodesia hi parent lithuanian jew emigr southern rhodesia around turn sloman describ he went school cape town  earn degre mathemat physic univers cape town rhode scholarship south african colleg took univers oxford balliol st in becam interest philosophi brief period studi mathemat logic supervis hao eventu write dphil defend idea immanuel kant natur mathemat knowledg onlin aaron sloman dphil
Srihari,0,rohini srihari receiv earli educ kanpur india she receiv undergradu degre comput scienc univers canada degre comput scienc univers the state univers new
Srihari,2,srihari receiv undergradu degre scienc electr commun engin nation colleg bangalor univers indian institut scienc bangalor he receiv doctor degre comput inform scienc ohio state
Stachowiak,0,after graduat east high school new stachowiak accept mit complet cours  electr engin comput scienc receiv while mit stachowiak work rethink cs  began scheme constraint window manag project greg he also contribut paper cognit neural scienc offic naval mit thesi extract structur data html indic earli interest web standard
Starner,0,starner graduat dallastown area high school york pa  he talent show technolog scienc one first ai puzzl solv pc comput simul  high school graduat gain earli starner graduat massachusett institut technolog brain cognit scienc comput scienc media art final media art scienc mit media hi doctor work entitl comput contextu deal pattern recognit wearabl comput util purpos recogn hand motion use american sign
Sterling,6,sterl began undergradu studi  polytechn institut brooklyn complet bsee degre  cum old dominion upon separ us navi matricul massachusett institut technolog thoma sterl earn smee mit ee  hertz fellow supervis robert
Storaasli,0,storaasli receiv mathemat french mathemat engin mechan ntnu univers edinburgh
Strachey,0,christoph strachey born  novemb  oliv strachey rachel costello oliv strachey son richard strachey sir henri st hi elder sister writer barbara in famili move  gordon the strachey belong bloomsburi group whose member includ virginia john maynard keyn uncl lytton at christoph went holt show sign brillianc gener perform he admit cambridg colleg alan  continu neglect strachey studi mathemat transfer at end third year strachey suffer nervou possibl relat come term he return cambridg manag natur scienc
Stroustrup,11,stroustrup born hi famili work attend local he attend aarhu univers   graduat candidatu scientiarum mathemat comput hi interest focus microprogram machin he learn fundament program kristen frequent visit in receiv phd comput scienc univers research distribut comput supervis david
Sussman,2,sussman attend massachusett institut technolog undergradu receiv sb mathemat he continu studi mit obtain phd also supervis seymour hi doctor thesi titl comput model skill focus artifici intellig machin use comput perform model name
Sweeney,0,sweeney graduat dana hall school receiv high school diploma she deliv valedictori graduat she began undergradu work comput scienc left found she complet undergradu degre comput scienc harvard univers extens in sweeney award comput scienc massachusett institut first african american woman of career move would someth realli quit nowher publish you could get paid way believ i the way get go back
Tabriz,0,tabriz initi enrol univers illinoi studi comput soon becam interest comput scienc she complet bachelor scienc master scienc degre univers research wireless secur attack paper advisor nikita she activ member student club interest comput join websit
Tate,1,tate born  may west he complet comput lancast he complet postgradu studi machin intellig univers supervis donald master scienc degre univers
Tardos,5,tardo receiv math   faculti scienc eötvö loránd univers advisor andrá she chair depart comput scienc cornel current serv associ dean colleg comput inform she siam journal comput current econom comput area editor journal acm well board editor theori she jon kleinberg textbook call algorithm design
Tardos,4,gábor tardo receiv phd mathemat eötvö budapest hi counsellor lászló babai péter he held postdoctor post univers rutger univers toronto princeton institut advanc from  serv canada research chair discret comput geometri simon fraser he return budapest alfréd rényi institut mathemat serv research fellow sinc
Tarjan,3,he born hi rais child special mental ran state as tarjan read lot scienc want he becam interest mathemat read martin mathemat game column scientif he becam serious interest math eighth thank while high tarjan got work ibm punch card he first work real comput studi astronomi summer scienc program tarjan obtain degre mathemat california institut technolog at stanford receiv degre comput scienc  comput scienc minor at supervis robert floyd donald highli promin comput dissert an effici planar tarjan select comput scienc area interest believ comput scienc way mathemat could practic tarjan live silicon he marri nayla he three alic sophi maxin
Taylor,6,valeri elain taylor born may taylor receiv degre electr engin purdu univers  in taylor receiv phd univers berkeley electr engin comput advisor david she hold patent dissert work spars
Teevan,4,teevan receiv comput scienc yale as sold senior thesi earli web search in invent earli approach use web link graph support inform teevan also receiv mit help pioneer field person inform
Thompson,9,thompson born new when ask learn thompson alway fascin logic even grade school work arithmet problem stuff like just i thompson receiv bachelor scienc  degre electr engin comput univers thesi advisor elwyn
Thrun,3,thrun born  germani west son winfri kristin he complet vordiplom comput medicin univers hildesheim at univers complet diplom  cum  comput scienc award mani honorari degre european includ first alma
Quevedo,1,in last year torr turn attent field educ investig element machin could help educ from   patent improv margin pagin the project pointer base shadow produc opaqu bodi move close project shadow use to design articul system allow speaker move point point next project made possibl mark area interest the didact projector improv way slide place glass plate
Valiant,6,valiant educ imperi colleg univers warwick receiv phd comput scienc
Vapnik,11,vladimir vapnik born jewish famili soviet he receiv degre mathemat uzbek state uzbek ssr  statist institut control moscow he work institut   becam head comput scienc research
Vardi,7,vardi undergradu student univers receiv master scienc degre weizmann institut hi phd supervis catriel beeri award hebrew univers jerusalem
Veloso,3,manuela veloso receiv licenciatura master scienc degre electr engin instituto superior técnico   she attend boston receiv master art comput scienc she move carnegi mellon univers receiv comput scienc her thesi learn analog reason gener purpos problem solv supervis jaim
Viterbi,8,viterbi attend boston latin enter massachusett institut technolog studi electr he receiv bs ms electr engin  he elect membership honor societi eta kappa nu  mit he work raytheon later jet propuls laboratori start work telemetri uncrew space also help develop carri phd studi univers southern graduat  digit
Vitter,0,vitter born rais new he earn bachelor scienc mathemat highest honor univers notr dame comput scienc stanford univers supervis donald knuth  master busi administr duke univers
Waltz,2,waltz born massachusett he attend massachusett institut technolog student artifici intellig pioneer marvin part mit artifici intellig laboratori receiv electr hi dissert comput vision initi field constraint allow comput program gener detail view object given two dimension draw
Wang,2,wang receiv summa cum laud degre mathemat comput scienc univers minnesota denni mathemat comput stanford degre medic inform scienc stanford biomed informat databas group gio committe hector stephen
Warmuth,1,after studi comput scienc univers earn diploma warmuth went univers colorado boulder graduat earn degre  complet hi doctor schedul profil constant supervis harold after postdoctor research univers berkeley hebrew univers warmuth join univers santa cruz becam distinguish professor retir professor emeritu he visit faculti member googl brain 
Warren,0,warren receiv artifici intellig univers edinburgh  advisor robert second donald
Wadler,4,wadler receiv bachelor scienc degre mathemat stanford univers master scienc degre comput scienc carnegi mellon univers he complet doctor philosophi comput scienc carnegi mellon univers hi thesi entitl better supervis nico
Wegner,2,wegner educ univers cambridg receiv diploma numer analysi automat comput time phd program comput he award phd univers london  book program inform machin mauric wilk list
Weiser,0,weiser born david audra he grew stoni new he move studi philosophi new colleg florida drop second year ran he move ann found job comput while work comput programm began take comput scienc class excel point directli admit program univers he studi comput commun scienc univers receiv
Wheeler,3,wheeler born second three children née arthur press tool proprietor small shopfit he educ local primari school birmingham went king edward vi camp hill school win scholarship hi educ disrupt world war complet sixth form studi hanley high in  gain scholarship studi cambridg mathemat tripo triniti graduat he award first phd comput scienc
Widom,6,widom earn bs degre trumpet perform indiana univers jacob school music  phd comput scienc david gri cornel univers
Wiederhold,3,gio wiederhold born june he graduat cum laud aeronaut engin tm technicum netherland from   graduat work technisch hogeschool he emigr unit state sinc  marri voy yat
Wilkes,5,wilk born england child ellen née malon vincent joseph wilk account clerk estat earl he grew west educ king edward vi dure school year introduc amateur radio chemistri he studi mathemat tripo st cambridg   complet phd physic subject radio propag long radio wave he appoint junior faculti posit univers involv establish comput he call militari servic world war ii work radar telecommun research establish oper
Wilkinson,3,born foundat scholarship sir joseph mathemat school he studi cambridg mathemat tripo triniti graduat senior
Wilson,6,wilson born  brought her parent father specialis english mother from studi comput scienc mathemat tripo selwyn univers cambridg member microprocessor in easter break wilson design microcomput mo technolog  inspir earlier use electron control feed
Winograd,1,winograd grew colorado graduat colorado colleg he wrote shrdlu phd thesi mit year in make program winograd concern problem provid comput suffici abl use natur winograd built block restrict intellectu world simul toy the program could accept command block taller one hold put carri request action use simul the program could also respond know block the shrdlu program view histor one classic exampl difficult programm build semant memori hand limit program
Wiseman,0,born cowling near wiseman join pye electron compani cambridg apprentic studi bsc degre electr engin queen mari univers dure time start work mathemat cambridg construct high speed paper tape hi abil arrang made spend two year univers illinoi studi degre electr engin here work research assist digit comput laboratori design circuit new illinoi on return britain nation servic defer enabl take employ elliott brother ltd hertfordshir behalf ministri he work two year elliott brother research engin charg advanc circuit logic techniqu group data process it start work tunnel show great promis
Wolfram,1,wolfram educ eton left prematur as young wolfram difficulti learn he enter age  left  without graduat attend california institut technolog follow receiv phd particl physic thesi committe compos richard peter frank sciulli steven chair richard
Wulf,0,born wulf attend univers illinoi receiv bachelor scienc engin physic  master scienc electr engin he achiev first doctor philosophi comput scienc univers virginia
Yannakakis,1,yannakaki born greec  attend varvakeio high school earli he graduat nation technic univers athen  diploma electr earn phd comput scienc princeton univers hi dissert entitl complex maximum subgraph in  join bell laboratori serv director comput principl research depart start  left bell laboratori join avaya there serv director comput principl research depart in  join stanford professor comput left  join columbia univers current serv perci vida hudson professor comput from  yannakaki serv editori board siam journal comput  he also member editori board journal acm  other editori board membership includ journal comput system journal combinatori journal he also serv confer committe chair variou acm symposium principl databas system ieee symposium foundat comput as june public cite close
Yao,4,yao born he complet undergradu educ physic nation taiwan complet doctor philosophi physic harvard univers second phd comput scienc univers illinoi
Zdonik,0,zdonik receiv number degre
Zimmerman,0,zimmerman while high school zimmerman father built comput four kilobyt memori inspir januari cover stori popular mechan ed robert build zimmerman later remark articl inspir bill in zimmerman earn bachelor scienc distinct comput inform scienc minor mathemat purdu at rank among top ten student school scienc member phi beta kappa phi kappa upon enrol doctor studi univers minnesota institut zimmerman name corpor associ in earn doctor comput special comput recurs zimmerman complet dissert titl class real number doctor advisor marian
Zuse,5,konrad zuse born berlin  june in famili move east prussian braunsberg braniewo father postal zuse attend collegium hosianum famili move pass abitur qualifi enter he enrol technic univers berlin explor engin found zuse pursu civil graduat
